{
    "[1,2,3,4,5,6,7,8,9,10,11,12,13,14,15,16,17,18,19,20,21,22,23,24,25,26,27,28,29,30,31,32,33,34,35,36,37,38,39,40,41,42,43,44,45,46,47,48,49]": [
        "[1,11,13,20,27,29]",
        "[2,5,10,34,40,46]",
        "[3,7,12,22,30,36]",
        "[4,14,15,21,24,41]",
        "[9,35,37,38,44,48]",
        "[17,19,25,45,47,49]",
        "[6,8,26,33,39,42]",
        "[16,18,23,28,32,43]"
    ],
    "findByCondition_[31]": "[3,5,12,30,31,38]",
    "[31,1,2,4,6,7,8,9,10,11,13,14,15,16,17,18,19,20,21,22,23,24,25,26,27,28,29,32,33,34,35,36,37,39,40,41,42,43,44,45,46,47,48,49]": [
        "[7,16,18,28,39,49]",
        "[15,17,20,21,31,42]",
        "[2,10,22,33,43,45]",
        "[4,6,11,13,23,26]",
        "[29,34,36,37,46,47]",
        "[1,24,32,40,41,44]",
        "[9,14,19,25,27,35]"
    ],
    "findByCondition_[8,48]": "[8,15,16,39,48,49]",
    "results": {
        "results": [
            "[1,11,13,20,27,29]",
            "[2,5,10,34,40,46]",
            "[3,7,12,22,30,36]",
            "[4,14,15,21,24,41]",
            "[9,35,37,38,44,48]",
            "[17,19,25,45,47,49]",
            "[6,8,26,33,39,42]",
            "[16,18,23,28,32,43]",
            "[3,5,12,30,31,38]",
            "[7,16,18,28,39,49]",
            "[15,17,20,21,31,42]",
            "[2,10,22,33,43,45]",
            "[4,6,11,13,23,26]",
            "[29,34,36,37,46,47]",
            "[1,24,32,40,41,44]",
            "[9,14,19,25,27,35]",
            "[8,15,16,39,48,49]"
        ],
        "scores": [
            {
                "1": {
                    "max": 52,
                    "min": 31,
                    "matched": 6,
                    "unmatched": 0,
                    "match": 1,
                    "score": 1.6774193548387097
                },
                "2": {
                    "max": 8,
                    "min": 3,
                    "matched": 30,
                    "unmatched": 0,
                    "match": 1,
                    "score": 2.6666666666666665
                },
                "3": {
                    "matched": 42,
                    "unmatched": 78,
                    "match": 0.35,
                    "score": 2,
                    "max": 2,
                    "min": 1
                },
                "4": {
                    "matched": 0,
                    "unmatched": 360,
                    "match": 0,
                    "score": null
                }
            },
            {
                "1": {
                    "max": 42,
                    "min": 28,
                    "matched": 6,
                    "unmatched": 0,
                    "match": 1,
                    "score": 1.5
                },
                "2": {
                    "max": 7,
                    "min": 1,
                    "matched": 30,
                    "unmatched": 0,
                    "match": 1,
                    "score": 7
                },
                "3": {
                    "matched": 24,
                    "unmatched": 96,
                    "match": 0.2,
                    "score": 1,
                    "max": 1,
                    "min": 1
                },
                "4": {
                    "matched": 0,
                    "unmatched": 360,
                    "match": 0,
                    "score": null
                }
            },
            {
                "1": {
                    "max": 49,
                    "min": 25,
                    "matched": 6,
                    "unmatched": 0,
                    "match": 1,
                    "score": 1.96
                },
                "2": {
                    "max": 9,
                    "min": 1,
                    "matched": 30,
                    "unmatched": 0,
                    "match": 1,
                    "score": 9
                },
                "3": {
                    "matched": 42,
                    "unmatched": 78,
                    "match": 0.35,
                    "score": 2,
                    "max": 2,
                    "min": 1
                },
                "4": {
                    "matched": 24,
                    "unmatched": 336,
                    "match": 0.06666666666666667,
                    "score": 1,
                    "max": 1,
                    "min": 1
                }
            },
            {
                "1": {
                    "max": 46,
                    "min": 28,
                    "matched": 6,
                    "unmatched": 0,
                    "match": 1,
                    "score": 1.6428571428571428
                },
                "2": {
                    "max": 8,
                    "min": 1,
                    "matched": 30,
                    "unmatched": 0,
                    "match": 1,
                    "score": 8
                },
                "3": {
                    "matched": 30,
                    "unmatched": 90,
                    "match": 0.25,
                    "score": 2,
                    "max": 2,
                    "min": 1
                },
                "4": {
                    "matched": 0,
                    "unmatched": 360,
                    "match": 0,
                    "score": null
                }
            },
            {
                "1": {
                    "max": 44,
                    "min": 29,
                    "matched": 6,
                    "unmatched": 0,
                    "match": 1,
                    "score": 1.5172413793103448
                },
                "2": {
                    "max": 6,
                    "min": 2,
                    "matched": 28,
                    "unmatched": 2,
                    "match": 0.9333333333333333,
                    "score": 3
                },
                "3": {
                    "matched": 48,
                    "unmatched": 72,
                    "match": 0.4,
                    "score": 2,
                    "max": 2,
                    "min": 1
                },
                "4": {
                    "matched": 24,
                    "unmatched": 336,
                    "match": 0.06666666666666667,
                    "score": 1,
                    "max": 1,
                    "min": 1
                }
            },
            {
                "1": {
                    "max": 40,
                    "min": 30,
                    "matched": 6,
                    "unmatched": 0,
                    "match": 1,
                    "score": 1.3333333333333333
                },
                "2": {
                    "max": 6,
                    "min": 1,
                    "matched": 30,
                    "unmatched": 0,
                    "match": 1,
                    "score": 6
                },
                "3": {
                    "max": 1,
                    "min": 1,
                    "matched": 42,
                    "unmatched": 78,
                    "match": 0.35,
                    "score": 1
                },
                "4": {
                    "matched": 0,
                    "unmatched": 360,
                    "match": 0,
                    "score": null
                }
            },
            {
                "1": {
                    "max": 35,
                    "min": 31,
                    "matched": 6,
                    "unmatched": 0,
                    "match": 1,
                    "score": 1.1290322580645162
                },
                "2": {
                    "max": 6,
                    "min": 1,
                    "matched": 30,
                    "unmatched": 0,
                    "match": 1,
                    "score": 6
                },
                "3": {
                    "matched": 18,
                    "unmatched": 102,
                    "match": 0.15,
                    "score": 1,
                    "max": 1,